<?xml version="1.0" encoding="UTF-8"?>
<root>
  <item name="com.github.iojjj.rcbs.RoundedCornersBackgroundSpan mTextAlignment">
    <annotation name="android.support.annotation.IntDef">
      <val name="value" val="{com.github.iojjj.rcbs.RoundedCornersBackgroundSpan.ALIGN_START, com.github.iojjj.rcbs.RoundedCornersBackgroundSpan.ALIGN_END, com.github.iojjj.rcbs.RoundedCornersBackgroundSpan.ALIGN_CENTER}" />
    </annotation>
  </item>
  <item name="com.github.iojjj.rcbs.RoundedCornersBackgroundSpan.Builder com.github.iojjj.rcbs.RoundedCornersBackgroundSpan.Builder setTextAlignment(int) 0">
    <annotation name="android.support.annotation.IntDef">
      <val name="value" val="{com.github.iojjj.rcbs.RoundedCornersBackgroundSpan.ALIGN_START, com.github.iojjj.rcbs.RoundedCornersBackgroundSpan.ALIGN_END, com.github.iojjj.rcbs.RoundedCornersBackgroundSpan.ALIGN_CENTER}" />
    </annotation>
  </item>
  <item name="com.github.iojjj.rcbs.RoundedCornersBackgroundSpan.Builder mTextAlignment">
    <annotation name="android.support.annotation.IntDef">
      <val name="value" val="{com.github.iojjj.rcbs.RoundedCornersBackgroundSpan.ALIGN_START, com.github.iojjj.rcbs.RoundedCornersBackgroundSpan.ALIGN_END, com.github.iojjj.rcbs.RoundedCornersBackgroundSpan.ALIGN_CENTER}" />
    </annotation>
  </item>
  <item name="com.github.iojjj.rcbs.TextAlignment">
    <annotation name="android.support.annotation.IntDef">
      <val name="value" val="{com.github.iojjj.rcbs.RoundedCornersBackgroundSpan.ALIGN_START, com.github.iojjj.rcbs.RoundedCornersBackgroundSpan.ALIGN_END, com.github.iojjj.rcbs.RoundedCornersBackgroundSpan.ALIGN_CENTER}" />
    </annotation>
  </item>
</root>

